Domain,RSS
chinamoneynetwork.com,https://www.chinamoneynetwork.com/feed
entrepreneur.com,https://www.entrepreneur.com/latest.rss
newsbtc.com,https://www.newsbtc.com/feed/
venturebreak.com,http://66.175.211.145/feed/
nasdaq.com,http://articlefeeds.nasdaq.com/nasdaq/categories?category=Business
bdnews24.com,http://bdnews24.com/?widgetName=rssfeed&widgetId=1150&getXmlFeed=true
betbybitcoin.com,http://betbybitcoin.com/feed/
arstechnica.com,http://feeds.arstechnica.com/arstechnica/index/
bbc.co.uk,http://feeds.bbci.co.uk/news/rss.xml?edition=uk
emarketer.com,http://feeds.emarketer.com/Articles.xml
law.com,http://feeds.feedblitz.com/law/legal-news/
biometricupdate.com,http://feeds.feedburner.com/biometricupdate
digit.in,http://feeds.feedburner.com/digit/latest-news
gamasutra.com,http://feeds.feedburner.com/GamasutraNews/
programmableweb.com,http://feeds.feedburner.com/ProgrammableWeb
thebridge.jp,http://feeds.feedburner.com/SdJapan
lendacademy.com,http://feeds.feedburner.com/sociallending/cnry
thepaypers.com,http://feeds.feedburner.com/thepaypers/cfKW
venturebeat.com,http://feeds.feedburner.com/venturebeat/SZYF
xconomy.com,http://feeds.feedburner.com/Xconomy_Full
greentechmedia.com,http://feeds.greentechmedia.com/GreentechMedia
marketingland.com,http://feeds.marketingland.com/mktingland
mashable.com,http://feeds.mashable.com/Mashable
mediapost.com,http://feeds.mediapost.com/mediadailynews
reuters.com,http://feeds.reuters.com/reuters/businessNews
news.sky.com,http://feeds.skynews.com/feeds/rss/home.xml
vator.tv,http://feeds.vator.tv/vatortv/news
washingtonpost.com,http://feeds.washingtonpost.com/rss/rss_digger
adexchanger.com,http://feeds2.feedburner.com/ad-exchange-news
businessinsider.com,http://feeds2.feedburner.com/businessinsider
cio.nl,http://feeds2.feedburner.com/ciofeed
marketbrief.edweek.org,http://feeds2.feedburner.com/edweek/marketbrief
siliconindia.com,http://feeds2.feedburner.com/siliconindianews
thenextweb.com,http://feeds2.feedburner.com/thenextweb
time.com,http://feeds2.feedburner.com/time/business
investingincannabis.tv,http://investingincannabis.tv/investingincannabis?format=RSS
macdailynews.com,http://macdailynews.com/feed/
cryptocoinsnews.com,http://rss.cnn.com/rss/edition_us.rss
money.cnn.com,http://rss.cnn.com/rss/edition.rss
csmonitor.com,http://rss.csmonitor.com/feeds/csm
webwire.com,http://rssfeeds.webwire.com/webwire-recentheadlines
freep.com,http://static.freep.com/rss/
jsonline.com,http://static.jsonline.com/rss/
news-press.com,http://static.news-press.com/rss/
tucson.com,http://tucson.com/search/?f=rss&t=article&l=50&s=start_time&sd=desc&k%5B%5D=%23topstory
acnnewswire.com,http://www.acnnewswire.com/rss/lang/english.xml
axelspringerplugandplay.com,http://www.axelspringerplugandplay.com/welcome?format=RSS
cio.com,http://www.cio.com/index.rss
computerwoche.de,http://www.computerwoche.de/feed/news
computerworld.com,http://www.computerworld.com/index.rss
en.globes.co.il,http://www.globes.co.il/WebService/Rss/RssFeeder.asmx/FeederNode?iID=942
haaretz.com,http://www.haaretz.com/cmlink/1.4605102
independent.co.uk,http://www.independent.co.uk/news/world/rss
independent.com,http://www.independent.com/rss/headlines/
news.itu.int,http://www.itu.int/rss/
itworld.com,http://www.itworld.com/index.rss
jcnnewswire.com,http://www.jcnnewswire.com/rss/JCNEnglish.xml
pcworld.com,http://www.pcworld.com/index.rss
sandiegouniontribune.com,http://www.sandiegouniontribune.com/rss2.0.xml
staradvertiser.com,http://www.staradvertiser.com/feed/
startupdaily.net,http://www.startupdaily.net/feed/
techstars.com,http://www.techstars.com/feed
the-blockchain.com,http://www.the-blockchain.com/feed/
theequitykicker.com,http://www.theequitykicker.com/feed/
toledoblade.com,http://www.toledoblade.com/rss/technology
wsj.com,http://www.wsj.com/xml/rss/3_7014.xml
blogs.wsj.com,http://www.wsj.com/xml/rss/3_7085.xml
25iq.com,https://25iq.com/feed/
500.co,https://500.co/feed/
9to5google.com,https://9to5google.com/feed/
9to5mac.com,https://9to5mac.com/feed/
9to5toys.com,https://9to5toys.com/feed/
a16z.com,https://a16z.com/feed/
abnnewswire.net,https://abnnewswire.net/rss/en/company-news/0/english.xml
adage.com,https://adage.com/rss-feed?section_id=301&xml=RSS2
agbrief.com,https://agbrief.com/feed/
agbrief.jp,https://agbrief.jp/feed
agfundernews.com,https://agfundernews.com/feed/
alltechasia.com,https://alltechasia.com/feed/
ambcrypto.com,https://ambcrypto.com/feed/
anandtech.com,https://anandtech.com/rss/
axios.com,https://api.axios.com/feed/top/
appdevelopermagazine.com,https://appdevelopermagazine.com/RSS
appleinsider.com,https://appleinsider.com//appleinsider.com/appleinsider.rss
arabianbusiness.com,https://arabanimalssex.info/feed/
arabanimalssex.info,https://arabanimalssex.info/feed/
asia.businesschief.com,https://asia.businesschief.com/rss.xml
asia.nikkei.com,https://asia.nikkei.com/rss/feed/nar
atlantadailyworld.com,https://atlantadailyworld.com/feed/
au.pcmag.com,https://au.pcmag.com/feed.xml
autonews.com,https://autonews.com/section/rss01&mime=xml
beta.socaltech.com,https://beta.socaltech.com/news/news.rss
betakit.com,https://betakit.com/feed/
bgr.com,https://bgr.com/feed/
bitcoinafrica.io,https://bitcoinafrica.io/feed/
bitcoinexchangeguide.com,https://bitcoinexchangeguide.com/feed/
bitcoingarden.org,https://bitcoingarden.org/feed/
bitcoinist.com,https://bitcoinist.com/home/feed/
bitcoinmagazine.com,https://bitcoinmagazine.com/feed
bitdays.jp,https://bitdays.jp/feed/
biv.com,https://biv.com/rss
blocktribune.com,https://blocktribune.com/feed/
blog.bancor.network,https://blog.bancor.network/feed
blog.blockfolio.com,https://blog.blockfolio.com/feed
blog.decred.org,https://blog.decred.org/feed.xml
blog.ethlend.io,https://blog.ethlend.io/feed
blogs.sap.com,https://blogs.sap.com/feed/
bootstraplabs.com,https://bootstraplabs.com/feed/
bowerycap.com,https://bowerycap.com/feed/
btcmanager.com,https://btcmanager.com/feed/
btcoin.info,https://btcoin.info/feed/
business.financialpost.com,https://business.financialpost.com/feed
businessinsider.com.au,https://businessinsider.com.au//feeds.businessinsider.com.au/businessinsideraustralia
businesswireindia.com,https://businesswireindia.com/Rss-Feeds
calvinayre.com,https://calvinayre.com/feed/
campaignlive.co.uk,https://campaignlive.co.uk/rss/home
chinatechnews.com,https://chinatechnews.com//www.chinatechnews.com/feed
cio.co.nz,https://cio.co.nz/rss/latest/
cio.com.au,https://cio.com.au/rss/latest/
qz.com,https://cms.qz.com/feed/
coincenter.org,https://coincenter.org/rss/feed.xml
coinidol.com,https://coinidol.com/rssshort/
cointelegraph.com,https://cointelegraph.com/rss-feeds
coinwatch.tv,https://coinwatch.tv/feed/
computerworld.co.nz,https://computerworld.co.nz/rss/location/australia
cryptobriefing.com,https://cryptobriefing.com/feed/
cryptodisrupt.com,https://cryptodisrupt.com/feed/
cryptorecorder.com,https://cryptorecorder.com/feed/
cryptoslate.com,https://cryptoslate.com/feed/
cryptovest.com,https://cryptovest.com/feed/
davidcummings.org,https://davidcummings.org/feed/
deccanchronicle.com,https://deccanchronicle.com/rss_feed/
decentralize.today,https://decentralize.today/feed
e27.co,https://e27.co/index_wp.php/feed/
blogs.economictimes.indiatimes.com,https://economictimes.indiatimes.com/rssfeedsdefault.cms
economictimes.com,https://economictimes.indiatimes.com/rssfeedsdefault.cms
econotimes.com,https://econotimes.com/feed
emeastartups.com,https://emeastartups.com/feed
en.prnasia.com,https://en.prnasia.com/rss
engadget.com,https://engadget.com//www.engadget.com/rss.xml
entethalliance.org,https://entethalliance.org/feed/
erpinnews.com,https://erpinnews.com/feed
cointelegraph.es,https://es.cointelegraph.com/rss-feeds
ethereumworldnews.com,https://ethereumworldnews.com/feed/
europe.businesschief.com,https://europe.businesschief.com/rss.xml
fastcompany.com,https://fastcompany.com/latest/rss?truncated=true
businesswire.com,https://feed.businesswire.com/rss/home/?rss=G1QFDERJXkJeEFpQWg==
sdxcentral.com,https://feeds.feedblitz.com/sdxcentral
coindesk.com,https://feeds.feedburner.com/CoinDesk
securityweek.com,https://feeds.feedburner.com/securityweek
techinasia.com,https://feeds.feedburner.com/techinasia
international.thenewslens.com,https://feeds.feedburner.com/TheNewsLensINTL
cmswire.com,https://feeds2.feedburner.com/CMSWire
fortune.com,https://fortune.com/feed/
giffconstable.com,https://giffconstable.com/feed/
gigaom.com,https://gigaom.com/feed/
gizmodo.com,https://gizmodo.com/rss
globalcoinreport.com,https://globalcoinreport.com/feed/
globenewswire.com,https://globenewswire.com/RssFeed/orgclass/1/feedTitle/GlobeNewswire%20-%20News%20about%20Public%20Companies
goinglongblog.com,https://goinglongblog.com/feed/
letstalkpayments.com,https://gomedici.com/feed.xml
hacked.com,https://hacked.com/feed/
hackernoon.com,https://hackernoon.com/feed
hunterwalk.com,https://hunterwalk.com/feed/
hypepotamus.com,https://hypepotamus.com/feed/
imore.com,https://imore.com/rss.xml
inc-asean.com,https://inc-asean.com/feed/
inc42.com,https://inc42.com/feed/
internationalbanker.com,https://internationalbanker.com/feed/
irishtechnews.ie,https://irishtechnews.ie/feed/
ithacavc.com,https://ithacavc.com/feed/
jingdaily.com,https://jingdaily.com/feed/
katekendall.com,https://katekendall.com/feed/
keepingstock.net,https://keepingstock.net/feed
krebsonsecurity.com,https://krebsonsecurity.com/feed/
kryptomoney.com,https://kryptomoney.com/feed/
labs.openviewpartners.com,https://labs.openviewpartners.com/feed/
lavca.org,https://lavca.org/feed/
lending-times.com,https://lending-times.com/category/daily-news-digest/feed/
londonlovesbusiness.com,https://londonlovesbusiness.com/feed/
markets.businessinsider.com,https://markets.businessinsider.com/rss/news
martechtoday.com,https://martechtoday.com/main-news-feed
mattermark.com,https://mattermark.com/feed/
medcitynews.com,https://medcitynews.com/feed/
media.consensys.net,https://media.consensys.net/feed
microsmallcap.com,https://microsmallcap.com/feed/
links8.mixmaxusercontent.com,https://mixmax.com/feed/
mjbizdaily.com,https://mjbizdaily.com/feed/
mjinews.com,https://mjinews.com/feed/
mobilesyrup.com,https://mobilesyrup.com/feed/podcast/
motherboard.vice.com,https://motherboard.vice.com/en_us/rss
neowin.net,https://neowin.net//feeds.feedburner.com/neowin-main
news.bitcoin.com,https://news.bitcoin.com/feed/
blog.ycombinator.com,https://news.ycombinator.com/rss
nextbillion.net,https://nextbillion.net/feed/
nextviewventures.com,https://nextviewventures.com/feed/
novobrief.com,https://novobrief.com/feed/
npr.org,https://npr.org/rss/rss.php?id=1001
themerkle.com,https://nulltx.com/feed/
nypost.com,https://nypost.com/business/feed/
oaklandnorth.net,https://oaklandnorth.net/feed/
observer.com,https://observer.com/feed/
openbusinesscouncil.org,https://openbusinesscouncil.org//www.openbusinesscouncil.org/feed/
oresundstartups.com,https://oresundstartups.com/feed/
pando.com,https://pando.com/feed/
paymentweek.com,https://paymentweek.com/feed/
pocketgamer.biz,https://pocketgamer.biz/rss/
pocketnow.com,https://pocketnow.com/feed
portaldobitcoin.com,https://portaldobitcoin.com/feed/
pulsosocial.com,https://pulsosocial.com/feed/
rb.ru,https://rb.ru/feeds/all/
rusbase.com,https://rb.ru/feeds/all/
recode.net,https://recode.net/rss/index.xml
24-7pressrelease.com,https://rss.24-7pressrelease.com/rss/press_release_todays_newsfeed.xml
nytimes.com,https://rss.nytimes.com/services/xml/rss/nyt/HomePage.xml
ru.newsbtc.com,https://ru.newsbtc.com/feed/
securityaffairs.co,https://securityaffairs.co/wordpress/feed
prweb.com,https://service.prweb.com/feed/
siliconangle.com,https://siliconangle.com/feed/
siliconflorist.com,https://siliconflorist.com/feed/
sludgefeed.com,https://sludgefeed.com/feed/
smallbiztrends.com,https://smallbiztrends.com/feed
smh.com.au,https://smh.com.au/rss/feed.xml
startupbeat.com,https://startupbeat.com/feed/
startupticker.ch,https://startupticker.ch/en/rss/news.rss
stratechery.com,https://stratechery.com/feed/
lesechos.fr,https://syndication.lesechos.fr/rss/rss_anafi.xml
tech.co,https://tech.co/feed
tech.eu,https://tech.eu/feed/
techacute.com,https://techacute.com/feed/
TechAcute.com,https://techacute.com/feed/
techaeris.com,https://techaeris.com/feed/
techcabal.com,https://techcabal.com/feed/
techcrunch.com,https://techcrunch.com/feed/
techdirt.com,https://techdirt.com/techdirt_rss.xml
techmoran.com,https://techmoran.com/feed/
technode.com,https://technode.com/feed/
technuter.com,https://technuter.com/feed
techrockies.com,https://techrockies.com/news/news.rss
techsauce.co,https://techsauce.co/feed/
techstory.in,https://techstory.in/feed/
techvibes.com,https://techvibes.com/feed
techworld.com.au,https://techworld.com.au/rss/location/australia
telecompaper.com,https://telecompaper.com/syndication/rss.aspx
theage.com.au,https://theage.com.au/rss/feed.xml
thebitcoinnews.com,https://thebitcoinnews.com/feed/
theindependentrepublic.com,https://theindependentrepublic.com/feed/
thetechportal.com,https://thetechportal.com/feed/
theverge.com,https://theverge.com/rss/index.xml
threatpost.com,https://threatpost.com/feed/
timesofindia.indiatimes.com,https://timesofindia.indiatimes.com/rssfeeds/1221656.cms
trak.in,https://trak.in/feed/
uk.pcmag.com,https://uk.pcmag.com/feed.xml
usethebitcoin.com,https://usethebitcoin.com/feed/
usv.com,https://usv.com/blog/feed
variety.com,https://variety.com/feed
ventureburn.com,https://ventureburn.com/feed/
venturetimes.jp,https://venturetimes.jp/feed
versionone.vc,https://versionone.vc/feed/
voanews.com,https://voanews.com/api/
webnewswire.com,https://webnewswire.com/feed/
en.webrazzi.com,https://webrazzi.com/en/feed/
webrazzi.com,https://webrazzi.com/feed/
webwereld.nl,https://webwereld.nl/feed/rss
weedreader.com,https://weedreader.com/feed/
wired.com,https://wired.com/feed/rss
abc.net.au,https://www.abc.net.au/homepage/rss.xml
mobile.abc.net.au,https://www.abc.net.au/news/feed/4535882/rss.xml
accountingtoday.com,https://www.accountingtoday.com/feed?rss=true
ajc.com,https://www.ajc.com/news/breaking-news-from-ajc/DdLZ2Y64tdYPqiOr3NxAwI/rss/
alleywatch.com,https://www.alleywatch.com/feed/
americanbanker.com,https://www.americanbanker.com/feed?rss=true
americaninno.com,https://www.americaninno.com/feed/
androidauthority.com,https://www.androidauthority.com/feed/
androidheadlines.com,https://www.androidheadlines.com/feed
androidpolice.com,https://www.androidpolice.com/feed/
aninews.in,https://www.aninews.in/rss/feed/category/world/us.xml
arnnet.com.au,https://www.arnnet.com.au/rss/tax/news/
bankingtech.com,https://www.bankingtech.com/feed/
bioportfolio.com,https://www.bioportfolio.co.uk/rss.php
bitcoinblackhat.com,https://www.bitcoinblackhat.com/syndication.php
boston.com,https://www.boston.com/feed
business-standard.com,https://www.business-standard.com/rss/latest.rss
businessinsurance.com,https://www.businessinsurance.com/section/rss?feed=NEWS
businesstimes.com.sg,https://www.businesstimes.com.sg/rss/technology
buzzfeed.com,https://www.buzzfeed.com/index.xml
cbinsights.com,https://www.cbinsights.com/sitemap/sitemap_deal_26.xml
cbsnews.com,https://www.cbsnews.com/latest/rss/main
ccn.com,https://www.ccn.com/litecoin-news/feed/
chainbits.com,https://www.chainbits.com/feed/
channelnewsasia.com,https://www.channelnewsasia.com/rssfeeds/8395986
charlotteobserver.com,https://www.charlotteobserver.com/?widgetName=rssfeed&widgetContentId=6199&getXmlFeed=true
chipin.com,https://www.chipin.com/feed/
chron.com,https://www.chron.com/rss/feed/Business-287.php
cio.co.ke,https://www.cio.co.ke/feed/
cio.co.uk,https://www.cio.co.uk/technology-communications/rss
cnbc.com,https://www.cnbc.com/id/15837362/device/rss/rss.html
cnet.com,https://www.cnet.com/rss/all/
coinspeaker.com,https://www.coinspeaker.com/feed/
computerweekly.com,https://www.computerweekly.com/rss/RSS-Feed.xml
constructiondive.com,https://www.constructiondive.com/feeds/news/
crowdfundinsider.com,https://www.crowdfundinsider.com/feed/
crypto-reporter.com,https://www.crypto-reporter.com/feed/
cryptoninjas.net,https://www.cryptoninjas.net/feed/
cultofmac.com,https://www.cultofmac.com/feed/
thisismoney.co.uk,https://www.dailymail.co.uk/money/articles.rss
datacenterknowledge.com,https://www.datacenterknowledge.com/rss.xml
dealstreetasia.com,https://www.dealstreetasia.com/stories/feed/
deseretnews.com,https://www.deseretnews.com/index.rss
deutsche-startups.de,https://www.deutsche-startups.de/feed/
diariobitcoin.com,https://www.diariobitcoin.com/index.php/feed/
digfingroup.com,https://www.digfingroup.com/feed/
digitalcommerce360.com,https://www.digitalcommerce360.com/feed/
digitalnewsasia.com,https://www.digitalnewsasia.com/rss.xml
digitaltrends.com,https://www.digitaltrends.com/feed/
eastbayexpress.com,https://www.eastbayexpress.com/oakland/Rss.xml
economist.com,https://www.economist.com/united-states/rss.xml
edsurge.com,https://www.edsurge.com/articles_rss
eff.org,https://www.eff.org/rss/updates.xml
ethnews.com,https://www.ethnews.com/rss.xml
eu-startups.com,https://www.eu-startups.com/feed/
exchangewire.com,https://www.exchangewire.com/feed/
fiercebiotech.com,https://www.fiercebiotech.com/rss/xml
directory.financemagnates.com,https://www.financemagnates.com/feed/
financemagnates.com,https://www.financemagnates.com/feed/
finextra.com,https://www.finextra.com/rss/headlines.aspx
frenchweb.fr,https://www.frenchweb.fr/feed
fresnobee.com,https://www.fresnobee.com/?widgetName=rssfeed&widgetContentId=6199&getXmlFeed=true
ft.com,https://www.ft.com/?format=rss
futuretechpodcast.com,https://www.futuretechpodcast.com/feed/
gamepro.de,https://www.gamepro.de/rss/gpnews.rss
gamesindustry.biz,https://www.gamesindustry.biz/rss/gamesindustry_news_feed.rss
gamespot.com,https://www.gamespot.com/feeds/news/
geekwire.com,https://www.geekwire.com/feed/
growthbusiness.co.uk,https://www.growthbusiness.co.uk/feed/
helpnetsecurity.com,https://www.helpnetsecurity.com/feed/
huffingtonpost.com,https://www.huffingtonpost.com/section/front-page/feed
ibtimes.co.uk,https://www.ibtimes.co.uk/rss/feed
icoexaminer.com,https://www.icoexaminer.com/feed/
iconews.ca,https://www.iconews.ca/feed/
ideaplotting.com,https://www.ideaplotting.com/feed/
independent.ie,https://www.independent.ie/business/rss/
indianweb2.com,https://www.indianweb2.com/feed/
indrastra.com,https://www.indrastra.com/feeds/posts/default?alt=rss
jpost.com,https://www.jpost.com/Rss/RssFeedsFrontPage.aspx
k9ventures.com,https://www.k9ventures.com/feed/
m.khaleejtimes.com,https://www.khaleejtimes.com/rss.xml
kitguru.net,https://www.kitguru.net/feed/
kommersant.ru,https://www.kommersant.ru/RSS/section-business.xml
lightreading.com,https://www.lightreading.com/rss_simple.asp
livemint.com,https://www.livemint.com/rss/homepage
macstories.net,https://www.macstories.net/?feed=articles-only
marketanalysis.com,https://www.marketanalysis.com/?feed=rss2
massdevice.com,https://www.massdevice.com/feed/
mavs.com,https://www.mavs.com/feed/
medianama.com,https://www.medianama.com/feed/
mercurynews.com,https://www.mercurynews.com/feed/
miamiherald.com,https://www.miamiherald.com/?widgetName=rssfeed&widgetContentId=6199&getXmlFeed=true
mirror.co.uk,https://www.mirror.co.uk/news/?service=rss
mobilepaymentstoday.com,https://www.mobilepaymentstoday.com/rss/
musttechnews.com,https://www.musttechnews.com/feed/
nanalyze.com,https://www.nanalyze.com/feed/
newcannabisventures.com,https://www.newcannabisventures.com/feed/
news-medical.net,https://www.news-medical.net/syndication.axd?format=rss
newscientist.com,https://www.newscientist.com/feed/home?cmpid=RSS|NSNS-Home&utm_medium=RSS&utm_source=NSNS&utm_campaign=Home&utm_content=Home
newswire.com,https://www.newswire.com/newsroom/rss/all
nextbigwhat.com,https://www.nextbigwhat.com/feed/
pehub.com,https://www.pehub.com/rss-feeds/
phonearena.com,https://www.phonearena.com/feed/news
pr.com,https://www.pr.com/rss-feeds
prlog.org,https://www.prlog.org/rss.xml
prnewswire.co.uk,https://www.prnewswire.co.uk/rss/business-technology-latest-news/business-technology-latest-news-list.uk.rss
prnewswire.com,https://www.prnewswire.com/rss/business-technology-latest-news/business-technology-latest-news-list.rss
psfk.com,https://www.psfk.com/feeds/psfk
pymnts.com,https://www.pymnts.com/feed/
redmondpie.com,https://www.redmondpie.com/feed/
retaildive.com,https://www.retaildive.com/feeds/news/
reviewjournal.com,https://www.reviewjournal.com/feed/
saastr.com,https://www.saastr.com/feed/
sacbee.com,https://www.sacbee.com/?widgetName=rssfeed&widgetContentId=6199&getXmlFeed=true
scmp.com,https://www.scmp.com/rss/92/feed
sec.gov,https://www.sec.gov/news/pressreleases.rss
sfgate.com,https://www.sfgate.com/rss/feed/Business-and-Technology-News-448.php
siliconrepublic.com,https://www.siliconrepublic.com/feed
slashgear.com,https://www.slashgear.com/feed/
smartcompany.com.au,https://www.smartcompany.com.au/feed/
sramanamitra.com,https://www.sramanamitra.com/feed/
standard.co.uk,https://www.standard.co.uk//rss
startuprad.io,https://www.startuprad.io/feed/
straitstimes.com,https://www.straitstimes.com/news/business/rss.xml
strictlyvc.com,https://www.strictlyvc.com/feed/
superbcrew.com,https://www.superbcrew.com/feed/
techflier.com,https://www.techflier.com/feed/
techjuice.pk,https://www.techjuice.pk/feed/
technobuffalo.com,https://www.technobuffalo.com/feed/
technologies.org,https://www.technologies.org/?feed=rss2
techradar.com,https://www.techradar.com/rss
techrepublic.com,https://www.techrepublic.com/rssfeeds/articles/?feedType=rssfeeds&sort=latest
telegraph.co.uk,https://www.telegraph.co.uk/rss.xml
thailand-business-news.com,https://www.thailand-business-news.com/feed
theepochtimes.com,https://www.theepochtimes.com/c-us-news/feed
theguardian.com,https://www.theguardian.com/us/rss
thehindubusinessline.com,https://www.thehindubusinessline.com/feeder/default.rss
theinquirer.net,https://www.theinquirer.net/feeds/rss
esportsbettingreport.com,https://www.thelines.com/feed/
theregister.co.uk,https://www.theregister.co.uk/business/headlines.atom
thesouthafrican.com,https://www.thesouthafrican.com/feed/
thestar.com,https://www.thestar.com/feeds.articlestopstories.rss
todayonline.com,https://www.todayonline.com/feed/business
valuewalk.com,https://www.valuewalk.com/feed/
vanguardngr.com,https://www.vanguardngr.com/feed/
vcaonline.com,https://www.vcaonline.com/news/rss/index.asp
wamda.com,https://www.wamda.com/feed
wired.co.uk,https://www.wired.co.uk/rss/article
women2.com,https://www.women2.com/feed/
zdnet.com,https://www.zdnet.com/news/rss.xml
yourstory.com,https://yourstory.com/feed
en.brinkwire.com,http://en.brinkwire.com/feed/
searchenginejournal.com,http://feedpress.me/searchenginejournal
Express.co.uk,http://feeds.feedburner.com/daily-express-citybusiness
cincinnati.com,http://rssfeeds.cincinnati.com/cincinnati-business
bostonherald.com,http://www.bostonherald.com/feed
paymentsjournal.com,http://www.paymentsjournal.com/feed/
blockonomi.com,https://blockonomi.com/feed/
blokt.com,https://blokt.com/feed
coingape.com,https://coingape.com/feed/
coingeek.com,https://coingeek.com/feed/
dailyhodl.com,https://dailyhodl.com/feed/
deadline.com,https://deadline.com/feed/
digiday.com,https://digiday.com/feed/?_ga=2.247421836.981235043.1543509368-1759632788.1543509367
news.crunchbase.com,https://news.crunchbase.com/feed/
theintercept.com,https://theintercept.com/feed/?rss
toshitimes.com,https://toshitimes.com/feed/
btcwires.com,https://www.btcwires.com/feed/
chicagotribune.com,https://www.chicagotribune.com/business/rss2.0.xml
clickz.com,https://www.clickz.com/feed/
dailydot.com,https://www.dailydot.com/feed/
www.fool.com.au,https://www.fool.com.au/feed/
fxstreet.com,https://www.fxstreet.com/rss
livebitcoinnews.com,https://www.livebitcoinnews.com/feed/
nationalreview.com,https://www.nationalreview.com/feed/
popsci.com,https://www.popsci.com/rss-technology.xml?loc=contentwell&lnk=tech&dom=section-1
rollingstone.com,https://www.rollingstone.com/feed/